{"cameraMode":{"drawMode":0,"name":"Shaded","section":"Shading Mode"},"sceneLighting":true,"audioPlay":false,"sceneViewState":{"showFog":true,"showMaterialUpdate":false,"showSkybox":true,"showFlares":true,"showImageEffects":true,"showParticleSystems":true},"in2DMode":false,"pivot":{"x":57.33584976196289,"y":40.78464889526367,"z":130.7993621826172},"rotation":{"x":-0.01635480858385563,"y":-0.9171934127807617,"z":0.39677804708480837,"w":-0.036610197275877},"size":122.00731658935547,"orthographic":false}