{"cameraMode":{"drawMode":0,"name":"Shaded","section":"Shading Mode"},"sceneLighting":false,"audioPlay":false,"sceneViewState":{"showFog":true,"showMaterialUpdate":false,"showSkybox":false,"showFlares":true,"showImageEffects":true,"showParticleSystems":true},"in2DMode":false,"pivot":{"x":-0.5396840572357178,"y":2.1763882637023927,"z":-1.230284333229065},"rotation":{"x":0.08833015710115433,"y":-0.683516800403595,"z":0.08565428853034973,"w":0.7198951840400696},"size":5.900157928466797,"orthographic":false}