{"cameraMode":{"drawMode":0,"name":"Shaded","section":"Shading Mode"},"sceneLighting":false,"audioPlay":false,"sceneViewState":{"showFog":true,"showMaterialUpdate":false,"showSkybox":false,"showFlares":true,"showImageEffects":true,"showParticleSystems":true},"in2DMode":false,"pivot":{"x":0.2652406692504883,"y":2.459376335144043,"z":-0.8772315979003906},"rotation":{"x":-0.025541655719280244,"y":-0.8329582810401917,"z":-0.03668222203850746,"w":0.5520055294036865},"size":11.075173377990723,"orthographic":false}