{"cameraMode":{"drawMode":0,"name":"Shaded","section":"Shading Mode"},"sceneLighting":false,"audioPlay":false,"sceneViewState":{"showFog":true,"showMaterialUpdate":false,"showSkybox":false,"showFlares":true,"showImageEffects":true,"showParticleSystems":true},"in2DMode":false,"pivot":{"x":0.2727212905883789,"y":2.8945703506469728,"z":-1.99342942237854},"rotation":{"x":0.006762244738638401,"y":-0.8926950097084045,"z":-0.016406970098614694,"w":-0.45090001821517947},"size":12.25633430480957,"orthographic":false}