{"cameraMode":{"drawMode":0,"name":"Shaded","section":"Shading Mode"},"sceneLighting":false,"audioPlay":false,"sceneViewState":{"showFog":true,"showMaterialUpdate":false,"showSkybox":false,"showFlares":true,"showImageEffects":true,"showParticleSystems":true},"in2DMode":false,"pivot":{"x":-1.16164231300354,"y":2.634856939315796,"z":5.9158711433410648},"rotation":{"x":-0.06186124309897423,"y":0.4763124883174896,"z":-0.03440144658088684,"w":-0.8769097328186035},"size":9.901572227478028,"orthographic":false}