{"cameraMode":{"drawMode":0,"name":"Shaded","section":"Shading Mode"},"sceneLighting":true,"audioPlay":false,"sceneViewState":{"showFog":true,"showMaterialUpdate":false,"showSkybox":true,"showFlares":true,"showImageEffects":true,"showParticleSystems":true},"in2DMode":false,"pivot":{"x":434.8780517578125,"y":152.405029296875,"z":25.22399139404297},"rotation":{"x":-0.10709822922945023,"y":-0.8893581628799439,"z":0.3579331338405609,"w":-0.2643919587135315},"size":80.62257385253906,"orthographic":false}