{"cameraMode":{"drawMode":0,"name":"Shaded","section":"Shading Mode"},"sceneLighting":false,"audioPlay":false,"sceneViewState":{"showFog":true,"showMaterialUpdate":false,"showSkybox":false,"showFlares":true,"showImageEffects":true,"showParticleSystems":true},"in2DMode":false,"pivot":{"x":-113.99954986572266,"y":-2.6579999923706056,"z":-126.02999877929688},"rotation":{"x":0.001317902933806181,"y":0.9980357885360718,"z":-0.0692763701081276,"w":0.010041286237537861},"size":0.8660253882408142,"orthographic":false}