{"cameraMode":{"drawMode":0,"name":"Shaded","section":"Shading Mode"},"sceneLighting":true,"audioPlay":false,"sceneViewState":{"showFog":true,"showMaterialUpdate":false,"showSkybox":true,"showFlares":true,"showImageEffects":true,"showParticleSystems":true},"in2DMode":false,"pivot":{"x":110.68489837646485,"y":184.3974151611328,"z":51.565242767333987},"rotation":{"x":-0.07072340697050095,"y":0.02752440981566906,"z":-0.001953684724867344,"w":-0.9971168637275696},"size":119.76496887207031,"orthographic":false}