{"cameraMode":{"drawMode":0,"name":"Shaded","section":"Shading Mode"},"sceneLighting":false,"audioPlay":false,"sceneViewState":{"showFog":true,"showMaterialUpdate":false,"showSkybox":false,"showFlares":true,"showImageEffects":true,"showParticleSystems":true},"in2DMode":false,"pivot":{"x":-109.37999725341797,"y":0.8388891816139221,"z":-126.1347885131836},"rotation":{"x":0.1428854614496231,"y":-0.25806495547294619,"z":0.039752040058374408,"w":0.9550159573554993},"size":0.8660253882408142,"orthographic":false}