{"cameraMode":{"drawMode":0,"name":"Shaded","section":"Shading Mode"},"sceneLighting":false,"audioPlay":false,"sceneViewState":{"showFog":true,"showMaterialUpdate":false,"showSkybox":false,"showFlares":true,"showImageEffects":true,"showParticleSystems":true},"in2DMode":false,"pivot":{"x":0.39310765266418459,"y":3.2086730003356935,"z":3.132239580154419},"rotation":{"x":-0.025541655719280244,"y":-0.8329582810401917,"z":-0.03668222203850746,"w":0.5520055294036865},"size":2.9090566635131838,"orthographic":false}