{"cameraMode":{"drawMode":0,"name":"Shaded","section":"Shading Mode"},"sceneLighting":true,"audioPlay":false,"sceneViewState":{"showFog":true,"showMaterialUpdate":false,"showSkybox":true,"showFlares":true,"showImageEffects":true,"showParticleSystems":true},"in2DMode":false,"pivot":{"x":522.0000610351563,"y":157.20001220703126,"z":0.0},"rotation":{"x":-0.04382232949137688,"y":-0.009255440905690194,"z":-0.0004965399275533855,"w":-0.9994905591011047},"size":217.85906982421876,"orthographic":false}