{"cameraMode":{"drawMode":0,"name":"Shaded","section":"Shading Mode"},"sceneLighting":false,"audioPlay":false,"sceneViewState":{"showFog":true,"showMaterialUpdate":false,"showSkybox":false,"showFlares":true,"showImageEffects":true,"showParticleSystems":true},"in2DMode":false,"pivot":{"x":86.51050567626953,"y":0.7799999713897705,"z":7.7654194831848148},"rotation":{"x":0.010550863109529019,"y":-0.975353479385376,"z":-0.058777060359716418,"w":-0.2138136476278305},"size":1.5333812236785889,"orthographic":false}