{"cameraMode":{"drawMode":0,"name":"Shaded","section":"Shading Mode"},"sceneLighting":true,"audioPlay":false,"sceneViewState":{"showFog":true,"showMaterialUpdate":false,"showSkybox":true,"showFlares":true,"showImageEffects":true,"showParticleSystems":true},"in2DMode":false,"pivot":{"x":-112.87083435058594,"y":0.8388891816139221,"z":-126.1347885131836},"rotation":{"x":-0.0619133785367012,"y":0.3857702910900116,"z":-0.02762356959283352,"w":-0.9204511642456055},"size":2.1350016593933107,"orthographic":false}