{"cameraMode":{"drawMode":0,"name":"Shaded","section":"Shading Mode"},"sceneLighting":true,"audioPlay":false,"sceneViewState":{"showFog":true,"showMaterialUpdate":false,"showSkybox":true,"showFlares":true,"showImageEffects":true,"showParticleSystems":true},"in2DMode":false,"pivot":{"x":278.3858947753906,"y":268.53753662109377,"z":-233.10877990722657},"rotation":{"x":-0.34550249576568606,"y":0.08642516285181046,"z":-0.032418929040431979,"w":-0.9341038465499878},"size":117.54727935791016,"orthographic":false}