{"cameraMode":{"drawMode":0,"name":"Shaded","section":"Shading Mode"},"sceneLighting":false,"audioPlay":false,"sceneViewState":{"showFog":true,"showMaterialUpdate":false,"showSkybox":false,"showFlares":true,"showImageEffects":true,"showParticleSystems":true},"in2DMode":false,"pivot":{"x":-0.5955198407173157,"y":1.053345799446106,"z":-0.4713395833969116},"rotation":{"x":-0.08644313365221024,"y":-0.9144542813301086,"z":0.294933557510376,"w":-0.264279305934906},"size":3.2939674854278566,"orthographic":false}