{"cameraMode":{"drawMode":0,"name":"Shaded","section":"Shading Mode"},"sceneLighting":false,"audioPlay":false,"sceneViewState":{"showFog":true,"showMaterialUpdate":false,"showSkybox":false,"showFlares":true,"showImageEffects":true,"showParticleSystems":true},"in2DMode":false,"pivot":{"x":356.2067565917969,"y":11.123154640197754,"z":302.9770202636719},"rotation":{"x":-0.06624747067689896,"y":-0.933687150478363,"z":0.2316780984401703,"w":-0.26562508940696719},"size":13.026025772094727,"orthographic":false}