{"cameraMode":{"drawMode":0,"name":"Shaded","section":"Shading Mode"},"sceneLighting":false,"audioPlay":false,"sceneViewState":{"showFog":true,"showMaterialUpdate":false,"showSkybox":false,"showFlares":true,"showImageEffects":true,"showParticleSystems":true},"in2DMode":false,"pivot":{"x":0.15215754508972169,"y":1.9138245582580567,"z":-1.551615595817566},"rotation":{"x":0.006762244738638401,"y":-0.8926950097084045,"z":-0.016406970098614694,"w":-0.45090001821517947},"size":7.193969249725342,"orthographic":false}