{"cameraMode":{"drawMode":0,"name":"Shaded","section":"Shading Mode"},"sceneLighting":false,"audioPlay":false,"sceneViewState":{"showFog":true,"showMaterialUpdate":false,"showSkybox":false,"showFlares":true,"showImageEffects":true,"showParticleSystems":true},"in2DMode":false,"pivot":{"x":370.1370544433594,"y":30.338071823120118,"z":378.4315185546875},"rotation":{"x":-0.07112424075603485,"y":-0.6573598980903626,"z":0.06248373165726662,"w":-0.7476517558097839},"size":135.81552124023438,"orthographic":false}