{"cameraMode":{"drawMode":0,"name":"Shaded","section":"Shading Mode"},"sceneLighting":true,"audioPlay":false,"sceneViewState":{"showFog":true,"showMaterialUpdate":false,"showSkybox":true,"showFlares":true,"showImageEffects":true,"showParticleSystems":true},"in2DMode":false,"pivot":{"x":-0.19851398468017579,"y":0.1424543857574463,"z":2.8183274269104006},"rotation":{"x":0.12613064050674439,"y":0.625764012336731,"z":-0.10337986052036286,"w":0.7628220915794373},"size":1.8976976871490479,"orthographic":false}