{"cameraMode":{"drawMode":0,"name":"Shaded","section":"Shading Mode"},"sceneLighting":true,"audioPlay":false,"sceneViewState":{"showFog":true,"showMaterialUpdate":false,"showSkybox":true,"showFlares":true,"showImageEffects":true,"showParticleSystems":true},"in2DMode":false,"pivot":{"x":364.4515380859375,"y":166.44651794433595,"z":-14.4196138381958},"rotation":{"x":0.0011493753409013153,"y":-0.04222884029150009,"z":-0.001039830851368606,"w":-0.999601423740387},"size":162.56048583984376,"orthographic":false}