{"cameraMode":{"drawMode":0,"name":"Shaded","section":"Shading Mode"},"sceneLighting":true,"audioPlay":false,"sceneViewState":{"showFog":true,"showMaterialUpdate":false,"showSkybox":true,"showFlares":true,"showImageEffects":true,"showParticleSystems":true},"in2DMode":false,"pivot":{"x":281.27813720703127,"y":172.98291015625,"z":-12.137866020202637},"rotation":{"x":-0.10665394365787506,"y":-0.0197064820677042,"z":0.0012507260544225574,"w":-0.994596540927887},"size":206.0990447998047,"orthographic":false}