{"cameraMode":{"drawMode":0,"name":"Shaded","section":"Shading Mode"},"sceneLighting":true,"audioPlay":false,"sceneViewState":{"showFog":true,"showMaterialUpdate":false,"showSkybox":true,"showFlares":true,"showImageEffects":true,"showParticleSystems":true},"in2DMode":false,"pivot":{"x":220.0177764892578,"y":146.66712951660157,"z":-116.86833953857422},"rotation":{"x":-0.12005706131458283,"y":-0.005230271723121405,"z":-0.0007057355251163244,"w":-0.9930253028869629},"size":106.39994812011719,"orthographic":false}