{"cameraMode":{"drawMode":0,"name":"Shaded","section":"Shading Mode"},"sceneLighting":false,"audioPlay":false,"sceneViewState":{"showFog":true,"showMaterialUpdate":false,"showSkybox":false,"showFlares":true,"showImageEffects":true,"showParticleSystems":true},"in2DMode":false,"pivot":{"x":47.28471374511719,"y":8.578299522399903,"z":40.72749328613281},"rotation":{"x":-0.2619348168373108,"y":-0.686217188835144,"z":0.29298368096351626,"w":-0.6124070286750794},"size":18.394338607788087,"orthographic":false}