{"cameraMode":{"drawMode":0,"name":"Shaded","section":"Shading Mode"},"sceneLighting":false,"audioPlay":false,"sceneViewState":{"showFog":true,"showMaterialUpdate":false,"showSkybox":false,"showFlares":true,"showImageEffects":true,"showParticleSystems":true},"in2DMode":false,"pivot":{"x":-0.591827392578125,"y":0.338897705078125,"z":-0.11876392364501953},"rotation":{"x":-0.08644313365221024,"y":-0.9144542813301086,"z":0.294933557510376,"w":-0.264279305934906},"size":4.048373699188232,"orthographic":false}